Ground Truth,Prediction
234.4839565,267.4129
265.10734206,269.61362
289.00112414,271.75552
317.38723388,274.64938
346.71478017,276.89096
